ref_id,linked_references,title,user,level,initial_reviewer,secondary_reviewer,author,year,study_name,kaiser_ref_id,companions,target_social_need,study_type,study_design,study_design_comment,recruitment_setting,intervention_setting,geo_setting_description,inclusion_criteria,target_population,age_group,race_ethnicity_majority,proportion_male,proportion_immigrant,target_population_text,risk_of_bias,first_reviewer,qc_complete,first_reviewer_comments,second_reviewer_comments,SDH Interventions and Outcomes_k,intervention_arm,comparator,sample_size,intervention_description,intervention_target,nonsocial_needs,nonsocial_needs_text,individual_systems_intervention,specific_intervention_components,service_provider,duration_followup,addresses_health_outcomes,health_outcomes,result_QALY,result_mortality,result_mental_health_status,result_functional,result_morbidity,result_quality_of_life,result_self_health,result_low_birth_weight,result_child_development,result_other_health,addresses_behavioral_outcomes,behavioral_outcomes,result_substance_use,result_diet,result_other_behavior,addresses_healthcareuse_outcomes,healthcareuse_outcomes,result_hospital_readmission,direction_hospital_readmission,result_frequency_healthcare_use,direction_frequency_healthcare_use,result_adherence,direction_adherence,result_preventive,direction_preventive,result_outpatient_visits,direction_outpatient_visits,result_emergency_visits,direction_emergency_visits,result_clinic_attendance,direction_clinic_attendance,result_emergency_transport,direction_emergency_transport,result_post_primarycare_visits,direction_post_primarycare_visits,result_prenatal,direction_prenatal,result_inpatient_admission,direction_inpatient_admission,result_hospital_days,direction_hospital_days,result_sober_center,direction_sober_center,result_medical_home,direction_medical_home,result_missed_appt,direction_missed_appointments,result_immunizations,direction_immunizations,result_other_healthcareuse,direction_other_healthcareuse,harms,harms_text,subgroups,subgroups_comment,subgroup_results_different
710,,Forging a pediatric primary care-community partnership to support food-insecure families,michelle.eder,3,Beth Webber,Michelle,Beck,2014,Keeping Infants Nourished and Developing (KIND),3847,,"Food insecurity,Housing instability/quality,Legal services",More than one clearly defined social topic addressed,Cohort study,,"Primary care (family health centers, community health centers, family medicine, pediatric or VA clinics,)","Primary care (family health centers, community health centers, family medicine, pediatric or VA clinics)","Cincinnati, Ohio",Families identified as food insecure through screening questions or clinical judgment.,"Social Needs,Age",Pediatric,Non-Hispanic Black,52,NR,,,I have completed the inital review and this form is ready for QC,I have completed 2nd review and am ready to submit.,"Wasn't sure whether to call this a food insecurity target or multiple target (because of the referral/education). wasn't sure whether to say the provider is just the pediatrician providing the formula, or all the potential people involved (because of information about legal/social worker).","I changed this to include the other social needs in the screening tool (housing, legal) since providers gave education and referrals for these if screened positive.",KIND,KIND,Other inactive control,5071,"Provision of formula and educational brochures and referrals to clinical resources (e.g., social worker, medical-legal partnership), or community resources (e.g., food banks or pantries, job-training programs) as indicated.",Patient,No,,Individual Intervention,"Screening,Patient education (including on health, other social need, or resources),Health provider education,Providing onsite resources,Passive referrals,Active assistance with resources (vouchers, appt scheduling, enrollment form help)","Healthcare providers (doctors, nurses, therapists, etc.),Social worker,Lawyers",14 months,Yes,Child development outcomes,,,,,,,,,No effect,,No,,,,,Yes,"Preventive care utilization (well child visits),Emergency department visits",,,,,,,Positive,Increase,,,Negative,Decrease,,,,,,,,,,,,,,,,,,,,,,,Not Reported,,No,,
712,,Caught in the Crossfire: the effects of a peer-based intervention program for violently injured youth,michelle.eder,3,Sara Kennedy,Michelle,Becker,2004,Caught in the Crossfire,20843,,"Housing instability/quality,Education,Employment,Legal services",More than one clearly defined social topic addressed,Case-control,,Hospital (inpatient),"Hospital (inpatient),Home-based care","Oakland, CA","Youth and young adults 12-20 years old hospitalized for a violent injury under a ""trauma admit"" status between January 1999 and May 2000 who had three contacts with a Crisis Intervention Specialist within 6 months of injury. Control group participants were selected randomly from youth ages 12-20 years who were hospitalized for a violent injury and survived the previous year. The youth did not receive services from [the intervention program] and were carefully matched by age and injury severity to members of the treatment group.","Social Needs,Age","Adolescents/ Young Adults,Adult",Non-Hispanic Black,80,NR,,,I have completed the inital review and this form is ready for QC,I have completed 2nd review and am ready to submit.,"Other outcomes include arrest rates, criminal justice system involvement, placed in probation and violated probation. Did not abstract as these do no seem to fit any out outcome categories.",,Caught in the crossfire,Caught in the crossfire,Other inactive control,112,"A peer-based violence prevention intervention with peer mentors who are young adults from the same or similar communities as the youth which they serve. Crisis Intervention Specialists meet with the youth and their family and friends immediately after, or very soon after, the youth have been hospitalized for a violent injury. The peer mentors conduct initial visits at the hospital bedside whenever possible, and provide ongoing intensive follow-up services to the youth and their family members, including home visits, referrals to community services, and assistance with job placement, court and probation hearings, school enrollment, and housing.",Patient,No,,Individual Intervention,"Passive referrals,Active assistance with resources (vouchers, appt scheduling, enrollment form help)","Other non-professionals, including volunteers and study staff",6 months,Yes,Mortality,,No effect,,,,,,,,,No,,,,,Yes,Hospital readmissions,No effect,Decrease,,,,,,,,,,,,,,,,,,,,,,,,,,,,,,,,,Not Reported,,No,,
714,,Addressing Unmet Basic Resource Needs as Part of Chronic Cardiometabolic Disease Management,michelle.eder,3,Robyn Fortman,Michelle,Berkowitz,2017,Health Leads,,"Full methods reported in: Berkowitz SA, Hulberg AC, Hong C, et al. Addressing basic resource needs to improve primary care quality: a community collaboration programme. BMJ Qual Saf. 2016;25(3):164-72. 10.1136/bmjqs-2015-004521",Multiple domains targeted,Any social need that arises in population addressed,Pre-post,,"Primary care (family health centers, community health centers, family medicine, pediatric or VA clinics,)","Primary care (family health centers, community health centers, family medicine, pediatric or VA clinics)","Boston, MA","All patients who presented for routine care at 3 academic adult internal medicine practices completed screening for unmet basic resource needs at visit check-in. All who completed screening between Oct 1, 2013 and Apr 30, 2015 were included in the study.",Not Targeted (No specific population targeted),"Adult,Older Adults",Non-Hispanic White,47,NR,,,I have completed the inital review and this form is ready for QC,,,,Health Leads,Health Leads,Other inactive control,5125,"Patients were screened for unmet basic resource needs at clinic visits, and those who screened positive were offered a meeting with an advocate to help obtain resources. Patients who
chose to enroll in the program were assigned to an advocate, who worked with the patient to prioritize unmet basic resource needs, identify community resources and/or public benefits to meet them, and facilitate receipt of those resources and/or benefits.",Patient,No,,Individual Intervention,"Screening,Active assistance with resources (vouchers, appt scheduling, enrollment form help)","Other non-professionals, including volunteers and study staff",16 months,Yes,"Changes in functional outcomes (e.g., blood pressure)",,,,Mixed results,,,,,,,No,,,,,No,,,,,,,,,,,,,,,,,,,,,,,,,,,,,,,,,,,,Not Reported,,No,,
715,,Impact of a Social Work Care Coordination Intervention on Hospital Readmission: A Randomized Controlled Trial,Meera.Viswanathan,3,Sara Kennedy,Meera,Bronstein,2015,,20703,,"Housing instability/quality,Transportation help,Financial Strain,Access to healthcare and primary care (include improved coverage, services, and timeliness)",Medical and social need program,RCT,,Hospital (inpatient),"Telephone-based care,Home-based care",upstate New York,Adults aged 50 years or older admitted to inpatient units of hospital; moderate or high risk of readmission post-discharge,"Age,Medical Eligibility",Older Adults,NR,45,NR,,,I have completed the inital review and this form is ready for QC,I have completed 2nd review and am ready to submit.,,,Social Work Care Coordination,Social Work Care Coordination,Usual Care,89,"Follow-up care coordination by MSW interns after discharge designed to assess, identify, and alleviate barriers to patients remaining at home; individualized needs assessment, identified medication concerns, transportation issues, home care needs, home safety concerns, and behavioral barriers to follow-up care and activities post-discharge during 2 phone calls and home visit",Patient,Yes,"Medication concerns, home care needs, and behavioral barriers to follow-up care and activities post-discharge",Individual Intervention,"Patient education (including on health, other social need, or resources),Active assistance with resources (vouchers, appt scheduling, enrollment form help)",Social worker,30 days,No,,,,,,,,,,,,No,,,,,Yes,Hospital readmissions,Positive,Decrease,,,,,,,,,,,,,,,,,,,,,,,,,,,,,,,,,Not Reported,,No,,
715,,Impact of a Social Work Care Coordination Intervention on Hospital Readmission: A Randomized Controlled Trial,michelle.eder,3,Sara Kennedy,Meera,Bronstein,2015,,20703,,"Housing instability/quality,Transportation help,Financial Strain,Access to healthcare and primary care (include improved coverage, services, and timeliness)",Medical and social need program,RCT,,Hospital (inpatient),"Telephone-based care,Home-based care",upstate New York,Adults aged 50 years or older admitted to inpatient units of hospital; moderate or high risk of readmission post-discharge,"Age,Medical Eligibility",Older Adults,NR,45,NR,,,I have completed the inital review and this form is ready for QC,I have completed 2nd review and am ready to submit.,,,Social Work Care Coordination,Social Work Care Coordination,Usual Care,89,"Follow-up care coordination by MSW interns after discharge designed to assess, identify, and alleviate barriers to patients remaining at home; individualized needs assessment, identified medication concerns, transportation issues, home care needs, home safety concerns, and behavioral barriers to follow-up care and activities post-discharge during 2 phone calls and home visit",Patient,Yes,"Medication concerns, home care needs, and behavioral barriers to follow-up care and activities post-discharge",Individual Intervention,"Patient education (including on health, other social need, or resources),Active assistance with resources (vouchers, appt scheduling, enrollment form help)",Social worker,30 days,No,,,,,,,,,,,,No,,,,,Yes,Hospital readmissions,Positive,Decrease,,,,,,,,,,,,,,,,,,,,,,,,,,,,,,,,,Not Reported,,No,,
731,"731, 1152, 6913",Effects of social needs screening and in-person service navigation on child health: a randomized clinical trial,michelle.eder,3,Meera,Michelle,Gottlieb,2016,NR,75,"Gottlieb L, Hessler D, Long D, et al. Are acute care settings amenable to addressing patient social needs: A sub-group analysis. Am J Emerg Med. 2018;36(11):2108-2109",Multiple domains targeted,Any social need that arises in population addressed,RCT,,"Primary care (family health centers, community health centers, family medicine, pediatric or VA clinics,),Urgent care","Primary care (family health centers, community health centers, family medicine, pediatric or VA clinics),Urgent care,Telephone-based care","San Francisco and Oakland, CA","Inclusion: Families seeking children’s medical services in primary care or urgent care departments located in Zuckerberg San Francisco General Hospital and Trauma Center and University of California, San Francisco, Benioff Children’s Hospital Oakland. English speaking or Spanish-speaking caregivers 18 years or older who were familiar with the child’s household environment and were living in the county where enrollment took place.

Exclusion: families seeking health care for a child with severe illness",Not Targeted (No specific population targeted),Pediatric,Hispanic,50,NR,"Data above refer to children.
Caregivers predominantly female and had family incomes below the federal poverty level",,I have completed the inital review and this form is ready for QC,I have completed 2nd review and am ready to submit.,,Added results from #6913 for ED visits and Hospital admits,Social needs screening and in-person resource navigation services,Social needs screening and in-person resource navigation services,Active control,1809,"Ten-minute survey on social needs, followed by navigator outreach. Navigators used algorithms to provide targeted information related to community, hospital, or government resources addressing needs that participants had prioritized. Resources ranged from providing information about child care providers, transportation services, utility bill assistance, or legal services to making shelter arrangements or medical or tax preparation appointments to helping caregivers complete benefits forms or other program applications",Caregiver,No,,Individual Intervention,"Screening,Patient education (including on health, other social need, or resources),Passive referrals,Active assistance with resources (vouchers, appt scheduling, enrollment form help)","Other non-professionals, including volunteers and study staff",4 months,Yes,Other : Child global health,,,,,,,,,,Positive,No,,,,,Yes,"Hospital readmissions,Emergency department visits",Positive,Decrease,,,,,,,,,No effect,Decrease,,,,,,,,,,,,,,,,,,,,,,,Not Reported,,Yes,Patients seen in acute care settings only,No
736,"736, 719, 776",A decade of hospital-based violence intervention: Benefits and shortcomings,Meera.Viswanathan,3,Sara Kennedy,Meera,Juillard,2016,,20844,"Yes, companion is #1152 and #776 also and Dicker (#719) [which  we excluded a full text for comparator]","Housing instability/quality,Education,Employment,Legal services,Multiple domains targeted",Any social need that arises in population addressed,Cohort study,,Emergency department,Outpatient clinic,"San Francisco, CA","Included patients aged 10 to 35 years presenting to the ED with a violent injury (stab wound, gunshot wound, or blunt assault) who live or were injured in San Francisco and were rated as being at high risk of reinjuring by a case manager. Excluded patients with injuries due to domestic violence, child abuse, or that were self-inflicted.","Social Needs,Age","Pediatric,Adolescents/ Young Adults,Adult",Other,86,NR,Recruited those aged 10 to 35 years. Enrolled predominantly Black and Hispanic Males.,,I have completed the inital review and this form is ready for QC,I have completed 2nd review and am ready to submit.,"re-injury was the only outcome with historical control comparison. Companion Smith, 2013 #776 is an interim analysis reporting outcomes for a smaller subset of the sample reported in Juilliard.
Sample demographics may only include intervention arm.",,Hospital based violence intervention program,Hospital based violence intervention program,Other inactive control,459,"Clients were provided with up to 1 year of intensive case management, including mentorship, advocacy, and shepherding community resources. Ongoing case notes and updates were recorded throughout the case management process. Case management included crisis management, home visits, phone contacts, escorts to risk reduction resources, and recommendations for family therapy if necessary. Based on the needs assessment, the mentorship provided is coupled with other risk reduction resources.",Patient,Yes,Mental health services,Individual Intervention,"Patient education (including on health, other social need, or resources),Passive referrals,Active assistance with resources (vouchers, appt scheduling, enrollment form help)",Community health workers/ Navigators,Minimum of 1-year,Yes,Other : Re-injury,,,,,,,,,,Positive,No,,,,,No,,,,,,,,,,,,,,,,,,,,,,,,,,,,,,,,,,,,Not Reported,,No,,
738,,Patient-centered community health worker intervention to improve posthospital outcomes: a randomized clinical trial,Meera.Viswanathan,3,Robyn Fortman,Meera,Kangovi,2014,,4120,,"Access to healthcare and primary care (include improved coverage, services, and timeliness)",Medical and social need program,RCT,,Hospital (inpatient),"Primary care (family health centers, community health centers, family medicine, pediatric or VA clinics),Hospital (inpatient),Telephone-based care,Other : home visiting, medical appointments","Philadelphia, PA","Ages 18-64; observation patients or inpatients on general medicine service between 4/10/11-10/30/12; uninsured or Medicaid; English speaking; at admission expected to be discharged to home, not postacute care facility; resident of 5 Philadelphia zip codes with >30% of residents below federal poverty level and accounting for 35% of readmissions to study hospitals","Medicare/Medicaid Enrollment or Eligibility,Age,Low income/SES,Medical Eligibility,Residence in a low-SES neighborhood",Adult,Non-Hispanic Black,41,NR,,,I have completed the inital review and this form is ready for QC,I have completed 2nd review and am ready to submit.,,,IMPaCT,IMPaCT,Usual Care,446,"Goal setting: Community health workers worked with patients to create individualized action plan for achieving patient set goals for recovery

Goal support: Community health workers explained patient goals to care team and ensured patient can execute discharge instructions; support patient goals using phone calls, text messages, visits

Connection with primary care: Community health workers helped patients select primary care provider if they did not have one, coached patients to schedule/attend appointments, offered to accompany patient to first posthospital appointments; provided primary care providers with the medical discharge summary and an overview of patients' action plans during the appointment",Patient,Yes,Primary care visit,Individual Intervention,"Active assistance with resources (vouchers, appt scheduling, enrollment form help)",Community health workers/ Navigators,30 days,Yes,"Mental health status,Changes in self-reported health",,,Positive,,,,No effect,,,,No,,,,,Yes,"Hospital readmissions,Adherence to treatment (medications/follow-up visit),Post hospital primary care visit",Mixed results,Decrease,,,No effect,Increase,,,,,,,,,,,Positive,Increase,,,,,,,,,,,,,,,,,No,,No,,
743,,"The Seattle-King County Healthy Homes Project: a randomized, controlled trial of a community health worker intervention to decrease exposure to indoor asthma triggers",michelle.eder,3,Beth Webber,Michelle,Krieger,2005,"Seattle–King
County Healthy Homes Project",NA,,Housing instability/quality,One social topic addressed,RCT,,"Primary care (family health centers, community health centers, family medicine, pediatric or VA clinics,),Outpatient clinic,Hospital (inpatient),Emergency department,Other : Community referral",Home-based care,"King County, Washington","Households with a child aged 4-12 years with a diagnosis of persistent asthma; income below 200% of the federal poverty threshold or enrollment of child in Medicaid; caregiver verbally proficient in English, Spanish, or Vietnamese; child spent at least 50% of night in the house; residence in King County. Exclusion criteria were a child with another chronic illness requiring daily medications, household participation in other asthma case management or care coordination programs in the past 2 years, or plans to leave King County during the next 6 months","Age,Low income/SES,Medical Eligibility",Pediatric,NR,59,NR,Percent male is mean for children. Ethnicity only reported for caregivers- Majority non-Hispanic Black.,,I have completed the inital review and this form is ready for QC,I have completed 2nd review and am ready to submit.,,,High intensity Healthy Homes intervention,High intensity Healthy Homes intervention,Active control,274,"Community health worker conducted a structured home environmental assessment and generated specific actions for the participant and community health worker. The community health worker made 4-8 additional visits to encourage completion of the action plan, provide education and social support, deliver resources to reduce exposures (e.g., allergy control pillow), offer assistance with roach and rodent eradication, and advocate for improved housing conditions. Participants were offered free skin-prick allergy testing.",Caregiver,Yes,"Education around allergy management, allergy testing",Individual Intervention,"Patient education (including on health, other social need, or resources),Active assistance with resources (vouchers, appt scheduling, enrollment form help)",Community health workers/ Navigators,1 year,Yes,"Reduction in morbidity,Quality of life",,,,,Mixed results,Positive,,,,,No,,,,,Yes,Other : Urgent health services,,,,,,,,,,,,,,,,,,,,,,,,,,,,,,,,,Positive,Decrease,Not Reported,,Yes,"Interaction test by child’s age, child’s asthma severity, caregiver’s educational attainment, and caregiver’s race/ethnicity",No
746,,The impact of a clinic-based literacy intervention on language development in inner-city preschool children,michelle.eder,3,Beth Webber,Michelle,Mendelsohn,2001,NR,NA,,Early childhood education and development,One social topic addressed,Other observational,cross-sectional with control,"Primary care (family health centers, community health centers, family medicine, pediatric or VA clinics,)","Primary care (family health centers, community health centers, family medicine, pediatric or VA clinics)","New York City, New York","Children aged 2 to 5.9 years old, not yet attending kindergarten, gestation age 34 weeks ore more, normal birth history, no known developmental disability (e.g., visual or hearing impairment, static encephalopathy), no severe chronic disease (e.g., cardiac disease, human immunodeficiency virus infection), and receipt of well-child care at the institution; family either Latino or Black ethnicity with either English, Spanish or bilingual English-Spanish as the primary language(s) spoken in the home; and primary caretaker available for interview on day of presentation.","Age,Race/ethnicity",Pediatric,Hispanic,56,NR,"Child demographics above
28% immigrant parents
>90% on government assistance",,I have completed the inital review and this form is ready for QC,I have completed 2nd review and am ready to submit.,could calculate % male and % immigrant. wasn't quite sure what to call study design. It looks like they did a cross sectional interview and compared pts at clinics that had the intervention in place for different periods of time. Could also see calling it a retrospective cohort. Outcomes are from adjusted vocabulary outcomes.,,Literacy support program based on Reach Out and Read,Literacy support program based on Reach Out and Read,Active control,138,"Volunteers modeled reading activities with children and discussed importance of reading with caregiver while families waited to see pediatrician. Pediatricians counseled families about the importance and fun of reading and provided a developmentally appropriate book to families at each well-child visit. Pediatric providers were trained in the program with a 1-hour seminar providing background about parent-child interaction, language and literacy development, selection of developmentally appropriate books, and strategies for incorporation of anticipatory guidance about literacy. Followup session were provided annually.","Doctor or other clinical staff,Patient",No,,Individual Intervention,"Patient education (including on health, other social need, or resources),Health provider education,Providing onsite resources","Healthcare providers (doctors, nurses, therapists, etc.),Other non-professionals, including volunteers and study staff",NA cross-sectional,Yes,Child development outcomes,,,,,,,,,Mixed results,,No,,,,,No,,,,,,,,,,,,,,,,,,,,,,,,,,,,,,,,,,,,Not Reported,,Yes,Latino only,Yes
747,,"Food insecurity and cardiovascular health in pregnant women: Results from the food for families program, Chelsea, Massachusetts, 2013-2015",Meera.Viswanathan,3,Beth Webber,Meera,Morales,2016,Food for Families,20683,,Food insecurity,One social topic addressed,Pre-post,,"Primary care (family health centers, community health centers, family medicine, pediatric or VA clinics,)","Primary care (family health centers, community health centers, family medicine, pediatric or VA clinics)","Chelsea, Massachusetts","Pregnant women, aged 18 years or older","Social Needs,Pregnancy",Adult,Hispanic,,NR,,,I have completed the inital review and this form is ready for QC,I have completed 2nd review and am ready to submit.,,,Food for Families,Food for Families,"Pre- intervention data,Other inactive control",145,"Assisted with obtaining food resources tailored to their specific situation, including support with SNAP or WIC enrollment or provision of information regarding local food pantries.",Patient,No,,Individual Intervention,"Active assistance with resources (vouchers, appt scheduling, enrollment form help)",Not Reported,Duration of pregnancy,Yes,"Changes in functional outcomes (e.g., blood pressure)",,,,Mixed results,,,,,,,No,,,,,No,,,,,,,,,,,,,,,,,,,,,,,,,,,,,,,,,,,,Not Reported,,No,,
749,,A clinic-based pilot intervention to enhance diabetes management for elderly Hispanic patients,Meera.Viswanathan,3,Beth Webber,Meera,Nguyen,2016,NR,NA,,"Food insecurity,Housing instability/quality,Transportation help,Employment,Access to healthcare and primary care (include improved coverage, services, and timeliness)",More than one clearly defined social topic addressed,Pre-post,,"Primary care (family health centers, community health centers, family medicine, pediatric or VA clinics,)","Primary care (family health centers, community health centers, family medicine, pediatric or VA clinics),Telephone-based care",California,"Patients with diabetes, self-identify as Hispanic, aged 60 or older, speak English and/or Spanish.","Age,Race/ethnicity,Medical Eligibility",Older Adults,Hispanic,11,94,94% born outside the US but average of 26 years living in the US.,,I have completed the inital review and this form is ready for QC,I have completed 2nd review and am ready to submit.,,,Health Connectors,Health Connectors,Pre- intervention data,28,"Identified diabetic patients were administered a brief interview to identify if patients needed assistance with housing, transportation, food, clothing, dental/prescription services, employment, or family and social services. For each identified needs volunteers identified relevant referrals to free or low-cost community programs. Resource information were provided to patients before they left the clinic, and volunteers called patients on the phone after three weeks to check status of referral, and make inquiries on behalf of patients if requested.",Patient,Yes,dental/prescription services,Individual Intervention,"Screening,Passive referrals,Active assistance with resources (vouchers, appt scheduling, enrollment form help)","Other non-professionals, including volunteers and study staff",,Yes,Other : Diabetes self-management,,,,,,,,,,No effect,Yes,"Changes in dietary intake,Other : Physical activity",,No effect,No effect,No,,,,,,,,,,,,,,,,,,,,,,,,,,,,,,,,,,,,Not Reported,,No,,
750,,Environmental improvements brought by the legal interventions in the homes of poorly controlled inner-city adult asthmatic patients: a proof-of-concept study,michelle.eder,3,Beth Webber,Michelle,O'Sullivan,2012,,NA,,"Housing instability/quality,Legal services",One social topic addressed,Pre-post,,Outpatient clinic,Other : Hospital based legal-clinic,"New York City, New York","Adults age 18 years with a diagnosis of asthma, which was poorly controlled despite medical therapy. Patients had at least one self-reported domestic or occupational allergen amenable to elimination by a household intervention, which required action on the part of the landlord for clearance. Individuals were selected when previous efforts by the patients, physicians, and/or social workers had been unsuccessful in bringing about improved living conditions. Patients were excluded if they had congestive heart failure, restrictive lung disease, and neuromuscular disease affecting the respiratory muscles (e.g. myasthenia gravis).","Social Needs,Medical Eligibility","Adult,Older Adults",Hispanic,25,NR,,,I have completed the inital review and this form is ready for QC,I have completed 2nd review and am ready to submit.,Should target of intervention be landlord?,,Legal assistance for housing,Legal assistance for housing,Pre- intervention data,12,"Asthmatic patients who lived in self-reported contaminated housing (e.g., mold, vermin, and/or other poor conditions) were referred to a free weekly legal clinic in the hospital. In the case of deteriorated housing the attorney explored the feasibility of moving the tenant or having the landlord to remediate the conditions. A medical statement was drafted in support of each case by the patient's physician. This letter was submitted to the landlord with a formal demand letter from the attorney along with any other evidence of violations. The average amount of attorney time devoted to each case was 3 hours.",Patient,Yes,Treatment of asthma exacerbations,Individual Intervention,"Providing onsite resources,Active assistance with resources (vouchers, appt scheduling, enrollment form help)","Healthcare providers (doctors, nurses, therapists, etc.),Lawyers",24 months (9-12 months pre-intervention and 6-12 months post-intervention),Yes,"Changes in functional outcomes (e.g., blood pressure)",,,,Positive,,,,,,,No,,,,,Yes,"Emergency department visits,Inpatient admissions",,,,,,,,,,,Positive,Decrease,,,,,,,,,Positive,Decrease,,,,,,,,,,,,,Not Reported,,No,,
758,,Pilot study of impact of medical-legal partnership services on patients' perceived stress and wellbeing,michelle.eder,3,Sarah Bean,Michelle,Ryan,2012,Tucson Family Advocacy Program,5059,,"Housing instability/quality,Financial Strain,Access to healthcare and primary care (include improved coverage, services, and timeliness),Legal services",More than one clearly defined social topic addressed,Pre-post,,"Primary care (family health centers, community health centers, family medicine, pediatric or VA clinics,)","Primary care (family health centers, community health centers, family medicine, pediatric or VA clinics)","Tucson, Arizona","Participants were low-income (yearly household income below 200% of federal poverty level), adult patients (18 years or older) or adult parents of minor patients referred by health care providers for legal assistance.",Low income/SES,"Adolescents/ Young Adults,Adult,Older Adults",Non-Hispanic White,30,NR,,,I have completed the inital review and this form is ready for QC,I have completed 2nd review and am ready to submit.,,,Tucson Family Advocacy Program legal services,Tucson Family Advocacy Program legal services,Pre- intervention data,104,Medical-legal partnership that provides free legal services to referred low-income patients,"Patient,Caregiver",No,,Individual Intervention,"Active assistance with resources (vouchers, appt scheduling, enrollment form help)",Lawyers,Median time for case resolution: 76 days (Range: 1 day-11 months),Yes,Mental health status,,,Positive,,,,,,,,No,,,,,No,,,,,,,,,,,,,,,,,,,,,,,,,,,,,,,,,,,,Not Reported,,No,,
760,,Medical-Legal Strategies to Improve Infant Health Care: A Randomized Trial,michelle.eder,3,Sarah Bean,Michelle,Sege,2015,Developmental Understanding and Legal Collaboration for Everyone (DULCE),3248,,"Food insecurity,Housing instability/quality,Utilities help,Financial Strain,Legal services",More than one clearly defined social topic addressed,RCT,,"Primary care (family health centers, community health centers, family medicine, pediatric or VA clinics,)","Primary care (family health centers, community health centers, family medicine, pediatric or VA clinics),Telephone-based care,Web-based care,Home-based care","Boston, Massachusetts","Parents of all eligible newborns younger than 10 weeks of age who presented for pediatric primary care at the clinic were recruited. Families were excluded if the parents were younger than 18, received medical care in a language other than English or Spanish, intended to change their primary care provider from the study site within the first 6 months of life, or if the infant had been hospitalized for >1 week after birth.",Age,Pediatric,Non-Hispanic Black,7,NR,Data reported above are for parents.,,I have completed the inital review and this form is ready for QC,I have completed 2nd review and am ready to submit.,,"The differences in immunizations and ED visits were no longer significant at 12 month follow up, so I changed those to no effect.","Developmental
Understanding and Legal Collaboration for Everyone (DULCE) intervention","Developmental
Understanding and Legal Collaboration for Everyone (DULCE) intervention",Active control,330,"Families assigned to the intervention group were assigned to a DULCE family specialist (FS), who had specialist training in child development or a related field. The intervention consisted of 3 types of patient contact: 1) collaborative routine visits with the family, the medical provider, and the FS; 2) home visits by the FS; and 3) contact with the FS by telephone, email, text, or in person. DULCE leveraged support from a medical-legal partnership to address food, housing, and utilities hardships, and to identify and support other family legal needs. This intervention was designed to reduce overall family economic pressure. Intervention parents had an average of 14 contacts with the family specialist, and 5 hours of total contact time.",Caregiver,No,,Individual Intervention,"Active assistance with resources (vouchers, appt scheduling, enrollment form help)","Healthcare providers (doctors, nurses, therapists, etc.),Community health workers/ Navigators,Lawyers",12 months,No,,,,,,,,,,,,No,,,,,Yes,"Preventive care utilization (well child visits),Emergency department visits,Immunizations",,,,,,,Positive,Increase,,,No effect,Decrease,,,,,,,,,,,,,,,,,,,No effect,Increase,,,Not Reported,,No,,
761,,A pilot food bank intervention featuring diabetes-appropriate food improved glycemic control among clients in three states,michelle.eder,3,Beth Webber,Michelle,Seligman,2015,NR,NA,,"Food insecurity,Access to healthcare and primary care (include improved coverage, services, and timeliness)",More than one clearly defined social topic addressed,Pre-post,,"Primary care (family health centers, community health centers, family medicine, pediatric or VA clinics,),Other : Food pantries",Other : Food pantry,"Corpus Christi, Texas; Santa Rosa, California; Grove City, Ohio","Food pantry clients with an HbA1c≥6.5 percent or a self-reported diagnosis of diabetes plus presentation of one or more diabetes medication bottles. Participants were excluded if they were under age 18, unable to complete surveys in English or Spanish, pregnant, or cognitive status was so impaired as to interfere with survey administration.","Social Needs,Medical Eligibility","Adult,Older Adults",Hispanic,26,,,,I have completed the inital review and this form is ready for QC,I have completed 2nd review and am ready to submit.,,,Food bank intervention,Food bank intervention,Pre- intervention data,687,"Four major components: screening for diabetes
and monitoring of glycemic control, distributing
diabetes-appropriate food once or twice monthly (enough to last one or two weeks,
depending on household size), referring clients
who lacked a usual source of care to primary care
providers, and providing diabetes self-management support and education.",Patient,Yes,"Screening for diabetes, monitoring of glycemic control, providing diabetes self-management support and education.",Individual Intervention,"Screening,Patient education (including on health, other social need, or resources),Providing onsite resources","Other non-professionals, including volunteers and study staff",6 months,Yes,"Changes in functional outcomes (e.g., blood pressure),Reduction in morbidity",,,,Positive,No effect,,,,,,Yes,Changes in dietary intake,,Positive,,Yes,Adherence to treatment (medications/follow-up visit),,,,,Positive,Increase,,,,,,,,,,,,,,,,,,,,,,,,,,,,,Not Reported,,Yes,"Statistical adjustment for age, sex, race/ ethnicity, education, language, and site",No
769,"769, 770",The impact of critical time intervention in reducing psychiatric rehospitalization after hospital discharge,michelle.eder,3,Beth Webber,Michelle,Tomita,2012,Critical Time Intervention,NA,770,"Housing instability/quality,Access to healthcare and primary care (include improved coverage, services, and timeliness)",More than one clearly defined social topic addressed,RCT,,Transitional housing,Home-based care,"New York City, New York","Individuals in transitional residences of psychiatric hospital who had the capacity to provide consent, DSM-IV diagnosis of psychotic disorder, history of homelessness, and plans to reside in New York City after discharge from transitional residences. Those who did not speck sufficient English or did not stay more than three weeknights in the transitional residence were not eligible.","Medical Eligibility,Homeless","Adult,Older Adults",Non-Hispanic Black,71,NR,61% had lifetime diagnosis of schizophrenia and 35% had diagnoses of schizoaffective disorder. 95% participants met criteria for substance use or dependence.,,I have completed the inital review and this form is ready for QC,I have completed 2nd review and am ready to submit.,Took description of intervention from Susser 1997.,,Critical Time Intervention,Critical Time Intervention,Usual Care,150,"Phase one (transition to the community): focuses on providing intensive support and assessing the resources that exist for transition of care to community providers, case worker maintains high level of contact, accompanies patients to appointments and facilitates relationship with providers, meets with members of residence to discuss housing issues, enhances communication with family. Phase two (tryout): encourages client and supporters to try and handle problems on their own, meets less frequently. Phase three (transfer of care): gradual ending of program.","Patient,Caregiver",Yes,Psychiatric treatment,Individual Intervention,"Active assistance with resources (vouchers, appt scheduling, enrollment form help)",Social worker,18 months,No,,,,,,,,,,,,No,,,,,Yes,Hospital readmissions,Positive,Decrease,,,,,,,,,,,,,,,,,,,,,,,,,,,,,,,,,Not Reported,,No,,
772,,Promotoras as mental health practitioners in primary care: a multi-method study of an intervention to address contextual sources of depression,michelle.eder,3,Beth Webber,Michelle,Waitzkin,2011,NR,6254,,"Food insecurity,Housing instability/quality,Employment,Interpersonal violence",More than one clearly defined social topic addressed,RCT,,"Primary care (family health centers, community health centers, family medicine, pediatric or VA clinics,)","Primary care (family health centers, community health centers, family medicine, pediatric or VA clinics)","Albuquerque, New Mexico","Included patients meeting criteria for a diagnosis of depression on the PHQ. Exclusion criteria including suicidal or homicidal ideation (emergency care provided), acute bereavement, psychotic or bipolar depression, age under 18, and general health status precluding interview.",Medical Eligibility,"Adult,Older Adults",Hispanic,29,38,,,I have completed the inital review and this form is ready for QC,I have completed 2nd review and am ready to submit.,Ns are kind of unclear. Abstract says 120 randomized but in Table 2 section B there appear to be 130 depressed individuals. Used data from the 130 for demographics.,,Promotoras depression treatment,Promotoras depression treatment,Active control,120,"Patients were screened for depression with PHQ. When identified, the promotoras provided this information to the PCP, who initiated treatment with medication and/or arranged psychiatric or psychological consultation. The promotoras tried to address problems related to underemployment, inadequate housing, food insecurity, and violence using a resource directory and help organize contact with organizations. Referrals were tracked with monthly follow-up telephone calls with patients and organizations.",Patient,Yes,Depression treatment,Individual Intervention,"Screening,Active assistance with resources (vouchers, appt scheduling, enrollment form help)","Healthcare providers (doctors, nurses, therapists, etc.),Community health workers/ Navigators",12 months,Yes,Mental health status,,,No effect,,,,,,,,No,,,,,No,,,,,,,,,,,,,,,,,,,,,,,,,,,,,,,,,,,,Not Reported,,No,,
774,,Does a multifaceted environmental intervention alter the impact of asthma on inner-city children?,Meera.Viswanathan,3,Beth Webber,Meera,Williams,2006,NR,NR,,"Housing instability/quality,Early childhood education and development",Medical and social need program,RCT,,Emergency department,Home-based care,"Atlanta, Georgia",English speaking 5-12 year old children with asthma and their primary family caregivers who lived within the ZIP codes of the Atlanta Empowerment Zone (census tract where >=35% of the population is below poverty guidelines) who presented with an asthma exacerbation to the emergency department of the local major public children's hospital.,"Age,Medical Eligibility,Residence in a low-SES neighborhood",Pediatric,Non-Hispanic Black,59,NR,Demographics are for children. Median age 8 years.,Medium,I have completed the inital review and this form is ready for QC,I have completed 2nd review and am ready to submit.,"It is not really housing instability, but I wasn't sure what else to check. It is more like housing safety/quality?
Function outcome is IgE antibody testing. Morbidity is asthma severity score.",,ZAP asthma project,ZAP asthma project,Waitlist control,161,"Community health workers provided information and assisted families with asthma management and environmental intervention measures in their homes. Homes were evaluated for potential allergens (e.g., house dust mites, cockroaches, environmental tobacco smoke). Strategies were put in place to reduce exposure (e.g., mattress covers), households were provided with a one time professional cleaning of homes, other customized intervention strategies were discussed that could be implemented by the family (controlling moisture etc). Families were provided with verbal and written information to reinforce lessons of interventions.",Caregiver,Yes,Information on asthma management,Individual Intervention,"Patient education (including on health, other social need, or resources),Active assistance with resources (vouchers, appt scheduling, enrollment form help)",Community health workers/ Navigators,12 months,Yes,"Changes in functional outcomes (e.g., blood pressure),Reduction in morbidity",,,,No effect,No effect,,,,,,No,,,,,No,,,,,,,,,,,,,,,,,,,,,,,,,,,,,,,,,,,,Not Reported,,No,,
1105,,The Highland Health Advocates: a preliminary evaluation of a novel programme addressing the social needs of emergency department patients,Meera.Viswanathan,3,Sarah Bean,Meera,Losonczy,2017,Highland Health Advocates (HHA),1159,,"Food insecurity,Housing instability/quality,Transportation help,Utilities help,Education,Employment,Financial Strain,Access to healthcare and primary care (include improved coverage, services, and timeliness),Legal services,Childcare access,Interpersonal violence,Multiple domains targeted",Any social need that arises in population addressed,Cohort study,,Emergency department,Emergency department,Alameda County (California),Inclusion criteria included: (1) at least 18 years of age; (2) having at least one social need identified by the screening tool: (3) presentation to the Highland ED. Exclusion criteria included: (1) no social needs identified; (2) acute intoxication; (3) acute psychosis; (4) patient declines to answer screening questions; (5) in law enforcement custody; and (6) judged by the treating physician too severely ill to participate.,"Social Needs,Age","Adult,Older Adults",Non-Hispanic Black,49,NR,,,I have completed the inital review and this form is ready for QC,I have completed 2nd review and am ready to submit.,"Table 1 reports BL char for IG/CG, but not total pop. Did not combine/calculate for % male per instructions.
Marked ""Other"" for routine care (not sure what counts as inactive control).",,Highland Health Advocates (HHA),Highland Health Advocates (HHA),Usual Care,459,HHA volunteers followed resource referral protocols based on the type of need in order to match patient need to available community resources. Volunteers made biweekly followup telephone calls or appointments with patients to continue helping them with their needs until the need was met or the patient no longer wanted or was able to be contacted.,Patient,No,,Individual Intervention,"Screening,Active assistance with resources (vouchers, appt scheduling, enrollment form help)","Other non-professionals, including volunteers and study staff",6 months,Yes,Changes in self-reported health,,,,,,,No effect,,,,No,,,,,Yes,"Emergency department visits,Medical home",,,,,,,,,,,No effect,Decrease,,,,,,,,,,,,,,,Positive,Increase,,,,,,,Not Reported,,No,,
1109,,"Missouri Community, Public Health, and Primary Care Linkage: 2011-2012 Pilot Project Results & Evaluation",Meera.Viswanathan,3,Beth Webber,Meera,Yun,2015,NR,1449,,Multiple domains targeted,Medical and social need program,Pre-post,,Other : Community-based organizations,Other : NR,Missouri,Individuals with prehypertension or uncontrolled high blood pressure.,"Medical Eligibility,Rural population","Adult,Older Adults",Non-Hispanic White,75,NR,,,I have completed the inital review and this form is ready for QC,,Unsure whether to include the WISEWOMAN comparison.,,Partnering community-based organizations and public health,Partnering community-based organizations and public health,"Pre- intervention data,Other : Historical control of WISEWOMAN program",243,"Participants were referred to health care providers. Health educators or nurse contacted participants periodically to provide lifestyle education, identify barriers to high blood pressure control, and assist participants with overcoming barriers. Intensity varied from one follow up to monthly follow up.",Patient,Yes,Support for blood pressure control.,Individual Intervention,"Screening,Patient education (including on health, other social need, or resources)","Healthcare providers (doctors, nurses, therapists, etc.),Community health workers/ Navigators",Varied (19% followed for six months or more),Yes,"Changes in functional outcomes (e.g., blood pressure)",,,,Positive,,,,,,,Yes,"Changes in substance use,Changes in dietary intake,Other : Physical activity",No effect,Positive,Positive,Yes,Adherence to treatment (medications/follow-up visit),,,,,Positive,Increase,,,,,,,,,,,,,,,,,,,,,,,,,,,,,Not Reported,,No,,
1110,,Case Management Models in Permanent Supported Housing Programs for People With Complex Behavioral Issues Who Are Homeless,michelle.eder,3,Sara Kennedy,Michelle,Clark,2016,,1518,,Housing instability/quality,One social topic addressed,Pre-post,,Transitional housing,Transitional housing,"Tampa, FL","ACT: Clients of a Housing and Urban Development (HUD) program serving individuals with long histories of homelessness and hospitalizations for serious mental illness, with or without co-occurring substance use disorder.

CTI: Clients of a short-term diversion center with a chronic history of homelessness, a history of offenses such as public inebriation, and co-occurring substance use and mental health disorders.","Social Needs,Medical Eligibility,Homeless","Adult,Older Adults",Non-Hispanic White,80,NR,,,I have completed the inital review and this form is ready for QC,I have completed 2nd review and am ready to submit.,This is really two pre-post studies reported in one paper. Interventions abstracted on their own tab but I wonder if we should report this as 2 studies reported in one publication and create a separate record.,,Assertive Community Treatment (ACT),Assertive Community Treatment (ACT),Pre- intervention data,90,"Housing first program with comprehensive assessment to identify needs, individualized substance abuse treatment by study team member offered, treatment continued after housing, range of supportive services",Patient,Yes,Mental health and substance use treatment offered by study team,Individual Intervention,"Providing onsite resources,Active assistance with resources (vouchers, appt scheduling, enrollment form help)","Other non-professionals, including volunteers and study staff",6 months,Yes,Mental health status,,,No effect,,,,,,,,Yes,Changes in substance use,No effect,,,No,,,,,,,,,,,,,,,,,,,,,,,,,,,,,,,,,,,,Not Reported,,No,,
1110,,Case Management Models in Permanent Supported Housing Programs for People With Complex Behavioral Issues Who Are Homeless,michelle.eder,3,Sara Kennedy,Michelle,Clark,2016,,1518,,Housing instability/quality,One social topic addressed,Pre-post,,Transitional housing,Transitional housing,"Tampa, FL","ACT: Clients of a Housing and Urban Development (HUD) program serving individuals with long histories of homelessness and hospitalizations for serious mental illness, with or without co-occurring substance use disorder.

CTI: Clients of a short-term diversion center with a chronic history of homelessness, a history of offenses such as public inebriation, and co-occurring substance use and mental health disorders.","Social Needs,Medical Eligibility,Homeless","Adult,Older Adults",Non-Hispanic White,80,NR,,,I have completed the inital review and this form is ready for QC,I have completed 2nd review and am ready to submit.,This is really two pre-post studies reported in one paper. Interventions abstracted on their own tab but I wonder if we should report this as 2 studies reported in one publication and create a separate record.,,Critical Time Intervention (CTI),Critical Time Intervention (CTI),Pre- intervention data,144,"Time-limited housing first intervention for people with a psychiatric diagnosis who have been homeless, collaboration with case manager to identify 3 problem area that have historically put the client at risk for residential instability and discontinuity of care, harm reduction and motivational interviewing from case manager trained to connect clients to substance abuse treatment at collaborating agency",Patient,Yes,Psychiatric and substance use treatment,Individual Intervention,"Providing onsite resources,Active assistance with resources (vouchers, appt scheduling, enrollment form help)","Other non-professionals, including volunteers and study staff",6 months,Yes,Mental health status,,,Positive,,,,,,,,Yes,Changes in substance use,Positive,,,No,,,,,,,,,,,,,,,,,,,,,,,,,,,,,,,,,,,,Not Reported,,No,,
1113,,"A Place-Based Community Health Worker Program: Feasibility and Early Outcomes, New York City, 2015.[Erratum appears in Am J Prev Med. 2017 May;52(5):690; PMID: 28431645]",michelle.eder,3,Sara Kennedy,Michelle,Lopez,2017,,,,"Access to healthcare and primary care (include improved coverage, services, and timeliness)",Medical and social need program,Other observational,"non-randomized, controlled quasi-experiment",Home-based care,Home-based care,"New York City, New York","Adults aged 18 years and older with a self-reported diagnosis of hypertension, diabetes, or asthma who were fluent in Spanish or English.","Low income/SES,Medical Eligibility","Adult,Older Adults",Hispanic,19,NR,More than 50% Hispanic and nearly 50% non-Hispanic Black,,I have completed the inital review and this form is ready for QC,I have completed 2nd review and am ready to submit.,,,Harlem Health Advocacy Partnership intervention,Harlem Health Advocacy Partnership intervention,Other inactive control,400,"Community health workers were recruited from targeted housing residences with high chronic disease burden and trained in health education, goal setting, and in facilitating linkages to care by referring to health advocates employed by another local community-based organization expert in health insurance enrollment and access to care issues. The CHW intervention included six or more educational/instrumental support visits, as well as referral to health advocates as needed.",Patient,Yes,Patient education and instrumental support for chronic disease management and referral to health advocates to assist with insurance access,Individual Intervention,"Patient education (including on health, other social need, or resources),Passive referrals,Active assistance with resources (vouchers, appt scheduling, enrollment form help)",Community health workers/ Navigators,3 months,Yes,"Mental health status,Changes in functional outcomes (e.g., blood pressure)",,,No effect,No effect,,,,,,,Yes,Other : Physical activity; blood pressure self-monitoring,,,Positive,No,,,,,,,,,,,,,,,,,,,,,,,,,,,,,,,,,,,,Not Reported,,No,,
1122,,Impact of a health literacy intervention on pediatric emergency department use,michelle.eder,3,Sarah Bean,Michelle,Herman,2009,,7048,,Education,One social topic addressed,Pre-post,,Emergency department,Emergency department,"Torrance, California","Potential study participants were identified based on the triage nurse's categorization of the degree of urgency of the patient's medical needs. Patients brought to the pediatric ED for obviously emergent medical conditions were excluded. Children deemed as needing emergent or urgent medical attention were also excluded. Only parents, legal guardians, and primary caretakers were eligible for the health literacy intervention. If the child was accompanied by an adult not meeting this criterion, the child was excluded. Parents that did not speak English or Spanish and parents who could not read at all were excluded.",Not Targeted (No specific population targeted),Pediatric,Hispanic,NR,NR,,,I have completed the inital review and this form is ready for QC,I have completed 2nd review and am ready to submit.,"Checked yes, intervention included a medical component (book served as a medical aid for parents to use), but not sure if this is correct.",,Health literacy intervention,Health literacy intervention,Pre- intervention data,113,"Parents underwent an educational intervention during which they were instructed on how to use the book, ""What to Do When Your Child Gets Sick,"" and then were quizzed on how to use this health reference book as an aid for managing their child's health care needs (e.g., how to locate book sections covering cough, vomiting, headache, or any other health-related complaints). The educational intervention lasted approximately 5 to 10 minutes and was conducted by study investigators in English or Spanish, depending on the parent’s language preference. Study participants were given a free copy of the book.",Caregiver,No,,Individual Intervention,"Patient education (including on health, other social need, or resources)","Other non-professionals, including volunteers and study staff",6 months,No,,,,,,,,,,,,No,,,,,Yes,Emergency department visits,,,,,,,,,,,Positive,Decrease,,,,,,,,,,,,,,,,,,,,,,,Not Reported,,No,,
1123,,Access to primary care for homeless veterans with serious mental illness or substance abuse: a follow-up evaluation of co-located primary care and homeless social services,michelle.eder,3,Beth Webber,Michelle,McGuire,2009,NR,7205,,"Transportation help,Access to healthcare and primary care (include improved coverage, services, and timeliness)",More than one clearly defined social topic addressed,Cohort study,,Other : Homeless drop-in center,"Primary care (family health centers, community health centers, family medicine, pediatric or VA clinics)","Los Angeles, California","All veterans seen by the Homeless Program who were homeless, had either a mental illness or substance abuse diagnosis documented in their computerized electronic medical record, and who responded positively to an offer of access to a primary care provider were eligible","Medical Eligibility,Veteran Status,Homeless","Adult,Older Adults",Non-Hispanic Black,99,NR,Reported on average two serious medical problems,,I have completed the inital review and this form is ready for QC,I have completed 2nd review and am ready to submit.,Not sure if this one should be called an systems level intervention because it involved a change in care integration? And the pre-post really refers to the system and not the patients.,Changed to cohort study.,Mental Health Outpatient Treatment Center Integration,Mental Health Outpatient Treatment Center Integration,Usual Care,260,"Integration of medical services within a Homeless Drop-In Center. Primary care clinic co-located with the offices of both the homeless social services programs and mental
health programs. Veterans were quickly evaluated in a screening center and then referred to all needed services within the center. The goal was to have the initial primary care appointment occur the same day as the initial screening. Case managers from the Homeless Program provided short-term case management including transportation tokens and medical reminder letters.",Patient,Yes,Primary care treatment for patients with mental health and substance abuse,Individual Intervention,"Screening,Providing onsite resources,Active assistance with resources (vouchers, appt scheduling, enrollment form help)","Healthcare providers (doctors, nurses, therapists, etc.),Other non-professionals, including volunteers and study staff",18 months,Yes,Changes in self-reported health,,,,,,,No effect,,,,No,,,,,Yes,"Preventive care utilization (well child visits),Outpatient visits,Emergency department visits,Hospital days,Other : Time to primary care appointment",,,,,,,Positive,Increase,Positive,Increase,Positive,Decrease,,,,,,,,,,,No effect,Decrease,,,,,,,,,Positive,Decrease,Not Reported,,No,,
1132,,The effects of clinical case management on hospital service use among ED frequent users,michelle.eder,3,Sarah Bean,Michelle,Okin,2000,,10537,,"Housing instability/quality,Financial Strain,Access to healthcare and primary care (include improved coverage, services, and timeliness)",Medical and social need program,Pre-post,,Emergency department,"Primary care (family health centers, community health centers, family medicine, pediatric or VA clinics),Outpatient clinic,Home-based care,Other : community settings","San Francisco, California","Five or more visits to the San Francisco General Hospital ED during the previous 12 months, 18 years of age or older, ability to give informed consent and willingness to receive case management services. Patients who were too intoxicated, acutely confused, or acutely psychotic to give informed consent were excluded, as were individuals who were already receiving case management services.",High Utilization,"Adult,Older Adults",Non-Hispanic Black,87,NR,"The majority of the sample was homeless (67%),
100% were unemployed, and many were without medical insurance (45%). The remaining 55% were on Medicaid and/or Medicare.",,I have completed the inital review and this form is ready for QC,I have completed 2nd review and am ready to submit.,"Reports mortality, excluded from analysis: 
""Nine patients died during the course of the study. Three patients died from accidental drug overdoses, one from burns in a hotel fire, one death was a suicide, the four remaining deaths were from complications related to a variety of chronic medical problems (end-stage liver disease, cardiac arrest, cardiomyopathy, and an arteriovenous malformation). It is possible that the nine deaths that occurred in the post period could artificially contribute to decreases in service costs or utilization. Therefore, we excluded the patients who died after case management enrollment and reanalyzed the utilization, cost, and psychosocial outcome data.""",,Intensive comprehensive clinical case management,Intensive comprehensive clinical case management,Pre- intervention data,53,"Once enrolled, subjects were assigned to a master’s level psychiatric social worker who used a comprehensive, intensive case management model. The case manager was responsible for providing and coordinating all needed services including: crisis intervention, individual and group supportive therapy, arrangement of stable housing and financial entitlements (ie, Medicaid, Social Security Income), linkages to primary care providers (PCP), harm reduction services and referral to substance abuse treatment, liaison with other community agencies and extensive, persistent outreach (home visits, ‘‘tracking’’ and finding patients, accompanying patients to medical appointments, and so on).",Patient,Yes,"Crisis intervention, individual and group supportive therapy",Individual Intervention,"Passive referrals,Active assistance with resources (vouchers, appt scheduling, enrollment form help)",Social worker,12 months,No,,,,,,,,,,,,Yes,Changes in substance use,Positive,,,Yes,"Outpatient visits,Emergency department visits,Inpatient admissions,Medical home",,,,,,,,,Positive,Increase,Positive,Decrease,,,,,,,,,No effect,Decrease,,,,,Positive,Increase,,,,,,,Not Reported,,No,,
1134,,Effect of Community Health Worker Support on Clinical Outcomes of Low-Income Patients Across Primary Care Facilities: A Randomized Clinical Trial,Meera.Viswanathan,3,Beth Webber,Meera,Kangovi,2018,NR,,,"Food insecurity,Housing instability/quality,Transportation help,Access to healthcare and primary care (include improved coverage, services, and timeliness),Multiple domains targeted",Medical and social need program,RCT,,"Primary care (family health centers, community health centers, family medicine, pediatric or VA clinics,)","Primary care (family health centers, community health centers, family medicine, pediatric or VA clinics),Home-based care","Philadelphia, Pennsylvania","Adults aged 18 years and older with an appointment in the previous year, resident of one of 8 high-poverty zip codes in Philadelphia, uninsured or publicly insured (including all veterans), diagnosis of 2 or more targeted chronic diseases (diabetes, obesity, tobacco dependence, hypertension) with at least one of which was in poor control.","Medicare/Medicaid Enrollment or Eligibility,Medical Eligibility,Residence in a low-SES neighborhood","Adult,Older Adults",Non-Hispanic Black,38,NR,,,I have completed the inital review and this form is ready for QC,I have completed 2nd review and am ready to submit.,Even though they said there was a difference in the days of hospitalization they didn't give a P-value. I also counted P-values of .06 and .07 as no effect but they seem to call it positive.,,IMPaCT,IMPaCT,Usual Care,592,"Patients selected a condition that was in poor control as focus of intervention and set goals with their primary care physician. Individuals received Individualized Management for Patient-Centered Targets (IMPaCT) intervention delivered by community health workers including: goal-setting, tailored support (coaching, social support, advocacy, and navigation), and connection with long term support. Supported goals may have included social needs support.",Patient,Yes,Care coordination and support for chronic condition management,Individual Intervention,"Patient education (including on health, other social need, or resources),Active assistance with resources (vouchers, appt scheduling, enrollment form help)",Community health workers/ Navigators,9 months,Yes,"Changes in functional outcomes (e.g., blood pressure),Changes in self-reported health",,,,No effect,,,No effect,,,,No,,,,,Yes,"Hospital readmissions,Inpatient admissions,Hospital days",Positive,Decrease,,,,,,,,,,,,,,,,,,,No effect,Decrease,No effect,Decrease,,,,,,,,,,,Not Reported,,No,,
1135,,Indianapolis Provider's Use Of Wraparound Services Associated With Reduced Hospitalizations And Emergency Department Visits,michelle.eder,3,Sarah Bean,Michelle,Vest,2018,,13510,,"Transportation help,Financial Strain,Legal services",Medical and social need program,Pre-post,,"Primary care (family health centers, community health centers, family medicine, pediatric or VA clinics,)","Primary care (family health centers, community health centers, family medicine, pediatric or VA clinics)","Indianapolis, Indiana",Adults 18 and older who received care at one of the health system's sites. Patients had to have had at least one primary care visit before and one visit after the study period and received at least one wraparound service.,Not Targeted (No specific population targeted),"Adult,Older Adults",Non-Hispanic Black,28,NR,,,I have completed the inital review and this form is ready for QC,I have completed 2nd review and am ready to submit.,,"Says that wraparound services ""addressed the social determinants of health"" but the only specific ones mentioned in article are finances, legal, and transportation so those are the ones I checked.",Wraparound services,Wraparound services,Pre- intervention data,14094,"Wraparound services co-located at outpatient clinic sites included behavioral health, social work, dietetics, respiratory therapy (for asthma education), patient navigation, pharmacist education, financial counseling, and a medical-legal partnership. Patients could get referrals to these services through multiple pathways: 1) primary care providers could make referrals to any wraparound service based on a patient’s reported needs, 2) service providers (such as social workers and dietitians) reviewed the records of patients with scheduled appointments for potential referrals, and 3) wraparound service providers were able to refer patients to other wraparound services.",Patient,Yes,"Behavioral health, dietetics, respiratory therapy, patient navigation, pharmacist education",Individual Intervention,"Patient education (including on health, other social need, or resources),Providing onsite resources,Passive referrals,Active assistance with resources (vouchers, appt scheduling, enrollment form help)","Healthcare providers (doctors, nurses, therapists, etc.),Social worker,Lawyers",NA,No,,,,,,,,,,,,No,,,,,Yes,"Emergency department visits,Inpatient admissions,Other : Non-emergent ED visits",,,,,,,,,,,Positive,Decrease,,,,,,,,,Positive,Decrease,,,,,,,,,,,No effect,Decrease,Not Reported,,No,,
1139,,State Health Department and University Evaluation of North Carolina's Maternal Outreach Worker Program,michelle.eder,3,Beth Webber,Michelle,Tessaro,1997,,16800,,"Housing instability/quality,Education,Employment,Early childhood education and development,Access to healthcare and primary care (include improved coverage, services, and timeliness)",Medical and social need program,Cohort study,,Other : Referral from social workers and nurses,Home-based care,North Carolina,"Medicaid-eligible pregnant women at high risk for poor birth outcomes who receive case management through the Baby Love Maternity Care Coordination Program who were identified as having the potential to benefit from enhanced support and home visitation (e.g., social/geographical isolation, teenager, substance use, family violence, unstable housing)","Social Needs,Medicare/Medicaid Enrollment or Eligibility,Pregnancy","Adolescents/ Young Adults,Adult",Non-Hispanic Black,0,NR,,,I have completed the inital review and this form is ready for QC,I have completed 2nd review and am ready to submit.,"I struggled a bit to figure out the right comparison group within this study. You could consider that the enrolled vs not enrolled is a proxy for social need vs no social need, in which case it would be excluded? Because they controlled for risk factors  I left this in.","I don't think the comparison group necessarily represents those without a social need, so OK to include.",Maternal Outreach Worker Program,Maternal Outreach Worker Program,Usual Care,"14,714","Trained lay health workers provide enhanced social support, health education, and outreach to pregnant women. Women are enrolled in the program before 28 weeks of pregnancy and continued with pregnant women and their infants up to their first birthday. Through home visits health workers reinforce positive health behaviors, the need for prenatal care, immunizations, and family planning as well as model the ways mothers and fathers can interact with their infants and help them learn. Health workers provide assistance in helping families apply for government benefits, housing, employment, and education programs and generally advocate for families","Patient,Caregiver",Yes,Prenatal care,Individual Intervention,"Patient education (including on health, other social need, or resources),Active assistance with resources (vouchers, appt scheduling, enrollment form help)",Community health workers/ Navigators,Through first year of infant life,Yes,Low birth weight,,,,,,,,No effect,,,No,,,,,Yes,"Preventive care utilization (well child visits),Prenatal care",,,,,,,No effect,Increase,,,,,,,,,,,Mixed results,Increase,,,,,,,,,,,,,,,Not Reported,,Yes,Race,Yes
1153,,Meal Delivery Programs Reduce The Use Of Costly Health Care In Dually Eligible Medicare And Medicaid Beneficiaries,michelle.eder,3,Beth Webber,Michelle,Berkowitz,2018,NR,20628,,Food insecurity,One social topic addressed,Cohort study,,Recruited from health plan membership,Home-based care,"Boston, Massachusetts",Members of Commonwealth Care Alliance (older than age 21 years who are dual eligible for Medicaid and Medicare) with at least 6 months of continuous meal program enrollment between 1/2014 and 1/2016.,Medicare/Medicaid Enrollment or Eligibility,"Adult,Older Adults",NR,41,NR,Asian/Other/Multi/Declined is the majority race/ethnicity (all lumped together),,I have completed the inital review and this form is ready for QC,I have completed 2nd review and am ready to submit.,"Largest demographic group is ""Asian/Other/Multi/Declined"" so I selected NR",,Medically tailored meals,Medically tailored meals,Other inactive control,1135,"Meals customized to participant's medical needs delivered to participant's home weekly (five days of lunches, dinners, and snacks).",Patient,No,,Individual Intervention,"Active assistance with resources (vouchers, appt scheduling, enrollment form help)",Not Reported,Mean followup: 19.1 (intervention) and 23.0 (controls) months,No,,,,,,,,,,,,No,,,,,Yes,"Emergency department visits,Inpatient admissions,Other : Emergency transportation",,,,,,,,,,,Positive,Decrease,,,,,,,,,Positive,Decrease,,,,,,,,,,,Positive,Decrease,Not Reported,,No,,
1153,,Meal Delivery Programs Reduce The Use Of Costly Health Care In Dually Eligible Medicare And Medicaid Beneficiaries,michelle.eder,3,Beth Webber,Michelle,Berkowitz,2018,NR,20628,,Food insecurity,One social topic addressed,Cohort study,,Recruited from health plan membership,Home-based care,"Boston, Massachusetts",Members of Commonwealth Care Alliance (older than age 21 years who are dual eligible for Medicaid and Medicare) with at least 6 months of continuous meal program enrollment between 1/2014 and 1/2016.,Medicare/Medicaid Enrollment or Eligibility,"Adult,Older Adults",NR,41,NR,Asian/Other/Multi/Declined is the majority race/ethnicity (all lumped together),,I have completed the inital review and this form is ready for QC,I have completed 2nd review and am ready to submit.,"Largest demographic group is ""Asian/Other/Multi/Declined"" so I selected NR",,Non-tailored food,Non-tailored food,Other inactive control,1942,Delivery of non-medically tailored nutritious meals to participant's home. Included five days of lunches and dinners usually delivered daily.,Patient,No,,Individual Intervention,"Active assistance with resources (vouchers, appt scheduling, enrollment form help)",Not Reported,Mean followup: 23.6 (intervention) to 24.3 (control) months,No,,,,,,,,,,,,No,,,,,Yes,"Emergency department visits,Inpatient admissions,Other : Emergency transportation",,,,,,,,,,,Positive,Decrease,,,,,,,,,No effect,Decrease,,,,,,,,,,,Positive,Decrease,Not Reported,,No,,